patent_id,citation_patent_id
10266850,5766900
10266850,5767367
10266850,7534819
10266850,7691995
10266850,7745609
10266850,8546553
10266850,8697359
10266850,8771945
10266850,8795965
10266850,8865406
10266850,8871445
10266850,8889356
10266850,8889418
10266850,8895308
10266850,8906616
10266850,8921332
10266850,8932814
10266850,8945839
10266850,8993233
10266850,8999641
10266850,9023649
10266850,9260723
10266850,9267135
10266850,9567603
10266850,9567604
10266850,9587252
10266850,9637739
10266850,9822370
10266850,9822372
10266850,9840713
10266850,9885033
10266850,9970024
3939151,3849408
3950333,3354174
3952971,1889864
3952971,2833492
3953566,2915786
3953566,2953428
3953566,3054761
3953566,3544671
3953566,3634564
3953566,3637906
3953566,3664915
3953566,3813461
3959774,3478322
3959774,3675214
3959774,3748649
3965357,2870336
3965357,3509341
3965357,3518431
3965357,3670163
3965357,3715587
3965357,3715588
3970359,3360659
3970359,3456997
3970359,3495036
3970359,3689145
3970359,3720466
3970359,3806222
3970359,3832057
3983140,3842092
3986969,2677664
3986969,2706716
3986969,3191392
3986969,3720198
3994711,1856669
3994711,2140282
3994711,2326044
3994711,3806312
3999756,801246
3999756,1539019
3999756,2164631
3999756,3086777
3999756,3305235
3999756,3515386
3999756,3545756
3999756,3801099
3999756,3820785
3999756,3917267
4010078,3179574
4010078,3597326
4010078,3632478
4010470,2990546
4017168,218210
4017168,713177
4017168,817207
4017168,991101
4017168,1272845
4017168,1955770
4017168,1971486
4017168,2007215
4017168,2036097
4017168,2090439
4017168,2239201
4017168,2287577
4017168,2447667
4017168,2506228
4017168,2552205
4017168,2636822
4017168,2700524
4017168,2746369
4017168,2787434
4017168,2806416
4017168,2833504
4017168,2873645
4017168,2901202
4017168,2911525
4017168,2919876
4017168,2941776
4017168,2945428
4017168,2962251
4017168,2997242
4017168,3103257
4017168,3143326
4017168,3226073
4017168,3252542
4017168,3273484
4017168,3332593
4017168,3352521
4017168,3396931
4017168,3417953
4017168,3426190
4017168,3467350
4017168,3490833
4017168,3495517
4017168,3498577
4017168,3528734
4017168,3543019
4017168,3604660
4017168,3643345
4017168,3669553
4017168,3756549
4017168,3767095
4017168,3774873
4017168,3776494
4017168,3789213
4017168,3790773
4024271,3868457
4024271,3897444
4031893,R17059
4031893,858025
4031893,2902034
4031893,3400716
4031893,3548824
4031893,3742948
4031893,3882863
4034197,3749895
4034197,3906199
4053845,2929922
4063220,3350687
4063220,3496293
4063220,3509538
4063220,3725870
4063220,3742450
4063220,3745462
4063220,3819932
4063220,3825897
4063220,3942116
4063220,3967059
4105776,3246025
4105776,3897480
4105776,3915948
4105776,3917579
4105776,4046889
4115730,3789832
4115730,3932805
4115730,4015196
4115730,4021726
4115914,3865652
4115914,4016588
4128880,3462744
4128880,3573851
4128880,3787673
4128880,3815095
4128880,3875391
4131919,3858232
4131919,3911467
4131919,3962725
4131919,4016361
4131919,4057830
4135240,RE27239
4135240,RE27251
4135240,3368207
4135240,3377624
4135240,3469239
4135240,3576544
4135240,3599159
4135240,3631405
4135240,3683418
4135240,3735364
4135240,3742458
4135240,3761883
4136359,3581011
4164560,3854480
4164560,3880991
4164560,3903880
4164560,3957740
4164560,4016251
4164560,4052505
4164560,4057619
4164560,4069307
4174717,D232602
4174717,1342566
4174717,1400295
4174717,1672770
4174717,2079656
4174717,2884927
4174717,2926669
4174717,3071140
4174717,3265065
4174717,3380454
4174717,3430632
4174717,3537279
4174717,3968803
4202340,3352300
4202340,3587563
4202340,3716059
4202340,3811428
4206892,821393
4206892,1187291
4206892,1307133
4206892,1839194
4206892,2681776
4206892,4010920
4213187,3749895
4213187,3777130
4213187,4034196
4213187,4034197
4229761,2158405
4229761,2716231
4235893,3060201
4237224,3813316
4295173,4190872
4300182,3984737
4300182,4131847
4300182,4139878
4310440,2282602
4310440,2330115
4310440,3941871
4310440,3969273
4310440,4061724
4310440,4066572
4310440,4132669
4314081,2683742
4314081,3106564
4314081,3132179
4314081,3253040
4356429,3172862
4356429,3173050
4356429,3227656
4356429,3530325
4356429,3621321
4356429,3995299
4356429,4164431
4371752,2385968
4371752,2868880
4371752,2998489
4371752,3141931
4371752,3175039
4371752,3190961
4371752,3226478
4371752,3286033
4371752,3301958
4371752,3400378
4371752,3403383
4371752,3445601
4371752,3461241
4371752,3510598
4371752,3538257
4371752,3595999
4371752,3728486
4371752,3780227
4371752,3789144
4371752,3894188
4371752,3934095
4371752,3987247
4371752,3995121
4371752,4002842
4371752,4054756
4371752,4072825
4371752,4138597
4371752,4144582
4371752,4160125
4371752,4188507
4371752,4229624
4391797,3854480
4391797,3880991
4391797,3903880
4391797,3957740
4391797,4016251
4391797,4052505
4391797,4057619
4391797,4069307
4391797,4164560
4399126,4258034
4399126,4304904
4399126,4334058
4399126,4337249
4405829,3657476
4415732,3534017
4418691,3826678
4418691,3955012
4418691,4326532
4418691,4352883
4437122,4032977
4437122,4150400
4438511,3706929
4438511,3875394
4438511,4206320
4459286,4220717
4459286,4271147
4464652,3395589
4464652,3541541
4464652,3625083
4464652,3835464
4464652,3987685
4464652,4245244
4464652,4310839
4464652,4369439
4464652,4404865
4468464,4237224
4469099,3552383
4469099,4106002
4469099,4294261
4469099,4321929
4472728,Re27879
4472728,3529161
4472728,3801884
4472728,3930162
4472728,4010534
4472728,4030116
4472728,4153908
4472728,4179608
4472728,4210805
4474245,1023816
4474245,1152846
4474245,1508724
4474245,2051940
4474245,3572441
4474245,3661211
4474245,3710868
4528626,4047158
4528626,4112490
4528626,4180855
4539507,3173050
4539507,3214622
4539507,3267318
4539507,3393337
4539507,3600172
4539507,3621321
4539507,3995299
4539507,4281054
4539507,4356429
4575330,2708617
4575330,2908545
4575330,3306835
4575330,3635625
4575330,3775036
4575330,3974248
4575330,4041476
4575330,4078229
4575330,4081276
4575330,4238840
4575330,4252514
4575330,4288861
4575330,4292015
4575330,4329135
4575330,4333165
4575330,4374077
4575330,4466080
4575330,4471470
4590598,3481340
4590598,3747019
4590598,3858056
4590598,3928815
4590598,3971382
4590598,4009385
4590598,4053845
4590598,4161436
4590598,4409979
4591071,1333704
4591071,2249608
4591071,2302963
4591071,2589977
4591071,3202318
4591071,4086589
4591071,4214674
4591071,4239129
4599315,2956931
4599315,3912596
4599315,4057470
4599315,4278437
4599315,4294924
4599315,4324859
4599315,4358908
4599315,4432642
4599315,4483925
4606960,2988959
4606960,3133133
4606960,3137602
4606960,3283655
4606960,3325266
4606960,3535098
4606960,3728186
4606960,4447130
4623597,3669745
4623597,3824131
4623597,3874928
4623597,3980501
4623597,4107405
4623597,4216274
4623597,4430391
4623597,4431561
4623597,4487818
4641349,1192512
4641349,1887115
4641349,2434890
4641349,3136839
4641349,3366786
4641349,3473868
4641349,3482904
4641349,3533683
4641349,3533684
4641349,3598107
4641349,3600098
4641349,3778135
4641349,3915564
4641349,3936844
4641349,3966310
4641349,4007980
4641349,4008606
4641349,4023037
4641349,4109237
4641349,4138714
4641349,4172632
4641349,4189215
4641349,4233654
4641349,4253743
4641349,4257687
4641349,4266861
4641349,4309085
4641349,4375320
4641349,4393366
4641349,4523820
4641349,4533222
4676586,3382343
4676586,3404350
4676586,3622743
4676586,3843865
4676586,3920980
4676586,4167328
4676586,4170997
4676586,4305640
4676586,4311142
4676586,4354736
4676586,4380365
4676586,4398790
4676586,4443684
4676586,4521070
4676586,4564736
4683195,4395486
4704583,2929922
4708818,4323555
4708818,4520113
4733665,2701559
4733665,3774596
4733665,3868956
4733665,3882845
4733665,3889685
4733665,4018230
4733665,4140126
4733665,4141364
4733665,4183102
4733665,4299226
4733665,4318410
4733665,4416028
4733665,4425908
4733665,4483339
4733665,4483340
4733665,4503569
4733665,4512338
4733665,4553545
4733665,4560374
4733665,4562596
4733665,4564014
4733665,4577631
4733665,4580568
4733665,4650466
4736866,4535058
4736866,4579821
4744360,3460538
4744360,3971382
4744360,3982541
4744360,4024866
4744360,4320761
4744360,4538608
4744360,4580559
4744360,4583539
4757128,2071250
4757128,2071251
4757128,3526612
4757128,3960150
4757128,3981303
4757128,3993071
4784135,2249610
4784135,3769963
4784135,3769983
4784135,3821510
4784135,3956048
4784135,4049987
4784135,4273110
4784135,4273535
4784135,4316467
4784135,4388924
4799258,4211919
4799258,4453074
4799258,4458109
4799258,4471216
4799258,4484027
4799258,4672533
4799258,4679226
4799258,4713753
4816397,4403036
4816397,4642334
4816567,4444878
4816567,4512922
4816567,4518584
4816567,4704362
4827064,2692257
4827064,2826620
4827064,3127370
4827064,3182048
4827064,3405191
4827064,3637503
4827064,3655800
4827064,3795616
4827064,3965018
4827064,4018695
4827064,4096093
4827064,4247421
4827064,4282392
4827064,4434308
4827064,4434309
4827064,4510342
4827064,4587368
4827064,4613712
4827064,4653437
4827064,4681866
4827073,2692257
4827073,2826620
4827073,3127370
4827073,3182048
4827073,3405191
4827073,3637503
4827073,3655800
4827073,3795616
4827073,3965018
4827073,4018695
4827073,4053437
4827073,4096093
4827073,4247421
4827073,4282392
4827073,4434308
4827073,4434309
4827073,4510342
4827073,4587368
4827073,4613712
4827073,4681866
4838644,4073010
4838644,4084255
4838644,4308521
4838644,4490851
4870302,3201574
4870302,3400379
4870302,3431433
4870302,3439185
4870302,3483400
4870302,3564514
4870302,3576984
4870302,3619583
4870302,3667054
4870302,3691401
4870302,3743948
4870302,3750115
4870302,3818252
4870302,3838296
4870302,3849638
4870302,3967251
4870302,3983543
4870302,3990045
4870302,4032894
4870302,4091359
4870302,4154978
4870302,4157589
4870302,4244032
4870302,4281398
4870302,4284953
4870302,4307379
4870302,4366393
4870302,4390970
4870302,4409680
4870302,4415973
4870302,4446382
4870302,4453096
4870302,4458163
4870302,4495629
4870302,4508977
4870302,4541067
4870302,4541114
4870302,4551814
4870302,4551815
4870302,4558236
4870302,4564773
4870302,4600846
4870302,4622648
4870302,4642487
4870302,4670749
4870302,4700187
4870302,4706217
4870302,4717912
4870302,4727268
4870302,4742252
4870302,4742383
4870302,4758745
4870302,4774421
4889818,4683194
4889818,4683195
4889818,4683202
4893886,3710279
4893886,3808432
4893886,3808550
4893886,4327288
4901221,4064394
4901221,4315315
4901221,4455619
4901221,4546435
4901221,4656603
4901221,4663704
4901221,4677587
4901221,4695968
4901221,4725970
4901221,4813013
4901307,3596002
4901307,3761813
4901307,4030033
4901307,4114155
4901307,4164628
4901307,4172257
4901307,4189677
4901307,4191410
4901307,4222115
4901307,4291409
4901307,4359733
4901307,4426712
4901307,4455651
4901307,4470138
4901307,4494228
4901307,4512024
4901307,4703474
4925572,2834730
4925572,3448041
4925572,3593854
4925572,3765536
4925572,3905905
4925572,3935110
4925572,3935111
4925572,3954621
4925572,4009714
4925572,4009715
4925572,4073732
4925572,4087363
4925572,4092246
4925572,4115277
4925572,4116845
4925572,4157967
4925572,4229306
4925572,4246107
4925572,4283289
4925572,4294594
4925572,4294599
4925572,4330410
4925572,4370381
4925572,4376675
4925572,4416777
4925572,4422939
4925572,4476023
4925572,4477575
4925572,4534757
4925572,4608173
4925572,4617124
4925572,4618533
4925572,4636312
4965188,4351901
4965188,4683194
4965188,4683195
4965188,4683202
4965188,4800159
4965188,4889818
4969028,4300152
4969028,4324038
4969028,4364073
4969028,4376286
4969028,4639758
4970663,4597005
4970663,4743959
4988299,4466796
4988299,4468200
4988299,4668191
4988299,4826434
5046022,4305028
5046022,4360886
5046022,4481591
5046022,4484120
5046022,4484294
5046022,4486843
5046022,4523135
5046022,4638445
5046022,4651678
5061049,2993403
5061049,3896338
5061049,4317611
5061049,4441791
5061049,4592628
5061049,4596992
5061049,4638309
5061049,4662746
5061049,4698602
5061049,4710732
5061049,4793699
5061049,4831614
5061620,4714680
5071161,3618981
5071161,3708181
5071161,3814458
5071161,3843151
5071161,3887213
5071161,3972545
5071161,4017100
5071161,4111458
5071161,4178017
5071161,4394033
5071161,4830401
5071161,4907819
5077210,3669841
5077210,4176006
5077210,4517303
5077210,4894229
5081992,4585992
5081992,4697149
5081992,4736160
5081992,4761612
5081992,4803624
5081992,4812760
5086428,4466060
5086428,4534024
5086428,4607363
5086428,4617657
5086428,4679189
5086428,4706080
5086428,4740954
5086428,4742511
5086428,4825206
5102853,3380934
5102853,4108218
5102853,4123391
5102853,4207169
5102853,4350613
5102853,4493905
5102853,4504598
5102853,4650782
5102853,4774219
5102853,4833114
5102853,4835126
5102853,4847234
5102853,4849399
5102853,5021389
5103459,4052565
5103459,4730340
5103459,4933952
5108388,3710798
5108388,3769963
5108388,4170997
5108388,4258334
5108388,4266548
5108388,4309998
5108388,4326529
5108388,4331937
5108388,4381007
5108388,4409979
5108388,4461294
5108388,4665913
5108388,4729372
5108388,4732148
5108388,4769963
5132826,4838663
5149636,4399216
5149636,4634665
5171534,4119521
5171534,4151065
5171534,4318846
5171534,4534647
5171534,4855225
5179017,4399216
5181198,4112370
5181198,4370745
5181198,4535206
5181198,4615025
5181198,4995031
5184830,4359222
5184830,4395760
5184830,4438926
5184830,4572509
5184830,4589659
5184830,4729563
5184830,4745478
5184830,4783812
5184830,4815733
5184830,4865321
5184830,4890832
5194299,1944834
5194299,2000475
5194299,2116289
5194299,2264629
5194299,2349709
5194299,2386731
5194299,2515423
5194299,2721810
5194299,2729193
5194299,2750942
5194299,2940868
5194299,3033702
5194299,3174888
5194299,3671284
5194299,3691140
5194299,3741786
5194299,3808088
5194299,3811438
5194299,3857731
5194299,3900642
5194299,3967624
5194299,4004049
5194299,4063559
5194299,4166152
5194299,4460634
5272628,4644471
5272628,5021995
5272628,5033009
5290393,3683240
5290393,3829556
5290393,4153905
5290393,4473938
5290393,4476620
5290393,4855249
5290393,4911102
5290393,5122845
5291560,4109237
5291560,4620318
5291560,4641349
5291560,5016282
5297148,4601031
5297148,4612640
5297148,4688219
5297148,4757474
5297148,4796233
5297148,4920518
5297148,4949309
5345599,4750147
5345599,4888641
5345599,4935813
5345599,4965732
5345599,5021882
5345599,5040211
5345599,5041909
5345599,5095535
5389472,4310609
5389472,4830940
5389472,4965151
5389472,5221453
5413908,4963663
5413908,5175082
5471515,3623132
5471515,4093872
5471515,4155094
5471515,4287441
5471515,4309624
5471515,4683580
5471515,4859624
5471515,5184203
5471515,5192990
5471515,5198880
5471515,5323052
5514646,4639333
5514646,4946828
5514646,5126249
5514646,5164366
5518988,3879188
5518988,5100462
5527628,989573
5527628,1437641
5527628,4248905
5527628,4643875
5527628,4670217
5527628,4695428
5527628,4758407
5527628,4778733
5527628,4879096
5527628,5352407
5572218,4667203
5572218,4672382
5572218,4754465
5572218,4894655
5572218,4928106
5572218,4972431
5572218,5134407
5572218,5177489
5572218,5252982
5572218,5311194
5595568,3538919
5595568,3693623
5595568,3834391
5595568,3900034
5595568,4461294
5595568,4608978
5595568,4617926
5595568,5000752
5595568,5057104
5595568,5282797
5595568,5425728
5595568,5474549
5595568,5486172
5639850,4895972
5639850,5218077
5741883,5147966
5741883,5171828
5741883,5268446
5751384,2493200
5751384,2638816
5751384,4003081
5751384,4019808
5751384,4025164
5751384,4232948
5751384,4367924
5751384,4416514
5751384,4448823
5751384,4497543
5751384,4582396
5751384,4635051
5751384,4652087
5751384,4758818
5751384,4759612
5751384,4770500
5751384,4770525
5751384,4796978
5751384,4834508
5751384,4867536
5751384,4917464
5751384,4917465
5751384,4966441
5751384,5032007
5751384,5033825
5751384,5050965
5751384,5122887
5751384,5126864
5751384,5179459
5751384,5237435
5751384,5243455
5751384,5299039
5751384,5347378
5751384,5422756
5751384,5469279
5751384,5528393
5751384,5574580
5751384,5585950
5751384,5608551
5770429,4204244
5770429,4474893
5770429,4634666
5770429,4714681
5770429,5001065
5770429,5104674
5770429,5175384
5770429,5434340
5770429,5530101
5770429,5565354
5770429,5569825
5770429,5585089
5770429,5591669
5770429,5653977
5780860,2504349
5780860,3836781
5780860,4102645
5780860,5503800
5780860,5635133
5811097,556763
5811097,5434131
5939598,4950599
5939598,4959313
5939598,5204244
5939598,5545806
5939598,5591669
5960411,4937863
5960411,5204897
5960411,5260999
5960411,5627940
5960411,5640501
5960411,5640577
5960411,5664111
5960411,5715314
5960411,5715399
5960411,5727163
5960411,5745681
5960411,5758126
5961804,2800457
5961804,3036388
5961804,3406363
5961804,3460248
5961804,3585381
5961804,3668106
5961804,3792308
5961804,4001140
5961804,4088395
5961804,4093534
5961804,4126854
5961804,4143103
5961804,4211668
5961804,4231641
5961804,4261653
5961804,4273672
5961804,4298448
5961804,4305807
5961804,4368952
5961804,4418346
5961804,4419383
5961804,4430648
5961804,4438160
5961804,4643528
5961804,4919521
5961804,5066559
5961804,5082351
5961804,5105185
5961804,5270843
5961804,5380362
5961804,5389945
5961804,5398131
5961804,5484522
5961804,5508068
5961804,5565885
5961804,5582700
5998833,3849789
5998833,4646115
5998833,4941026
5998833,5111253
5998833,5126807
5998833,5132753
5998833,5233215
5998833,5246870
5998833,5283201
5998833,5298442
5998833,5323040
5998833,5365102
5998833,5396085
5998833,5424231
5998833,5578851
5998833,5612567
5998833,5637898
5998833,5661322
5998833,5674766
5998833,5679966
5998833,5688725
5998833,5731627
5998833,5742076
5998833,5744994
5998833,5753938
6023540,4499052
6023540,4822746
6023540,5002867
6023540,5028545
6023540,5105305
6023540,5114864
6023540,5132242
6023540,5143853
6023540,5194300
6023540,5244636
6023540,5244813
6023540,5250264
6023540,5252494
6023540,5254477
6023540,5298741
6023540,5320814
6023540,5496997
6023540,5512490
6023540,5565324
6023540,5573909
6023540,5633972
6023540,5690894
6048959,5147966
6048959,5171828
6048959,5502157
6048959,5639850
6048959,5741883
6048959,5840828
6108703,4922417
6108703,5287499
6108703,5341477
6108703,5542087
6108703,5638443
6108703,5646676
6108703,5715453
6108703,5740423
6108703,5751961
6108703,5761507
6108703,5774660
6108703,5777989
6108703,5802291
6108703,5832506
6108703,5856974
6108703,5870559
6108703,5878212
6108703,5884038
6108703,5903723
6108703,5919247
6108703,5933832
6108703,5945989
6108703,5956716
6108703,5961596
6108703,5991809
6108703,6003030
6108703,6006264
6124851,2800457
6124851,3036388
6124851,3384488
6124851,3406363
6124851,3460248
6124851,3585381
6124851,3612758
6124851,3668106
6124851,3670323
6124851,3756693
6124851,3767392
6124851,3772013
6124851,3792308
6124851,3806893
6124851,3850627
6124851,3892568
6124851,4041481
6124851,4045327
6124851,4062009
6124851,4068927
6124851,4071430
6124851,4088395
6124851,4123346
6124851,4126528
6124851,4126854
6124851,4143103
6124851,4203106
6124851,4218302
6124851,4231641
6124851,4261653
6124851,4272596
6124851,4298448
6124851,4305807
6124851,4311361
6124851,4324456
6124851,4368952
6124851,4390403
6124851,4418346
6124851,4419383
6124851,4430648
6124851,4438160
6124851,4450440
6124851,4522472
6124851,4643528
6124851,4648956
6124851,4703573
6124851,4741604
6124851,4746917
6124851,4772102
6124851,4824208
6124851,4832458
6124851,4833464
6124851,4919521
6124851,4947159
6124851,4947219
6124851,5006212
6124851,5041824
6124851,5053763
6124851,5057363
6124851,5066946
6124851,5070326
6124851,5077157
6124851,5082351
6124851,5105185
6124851,5128785
6124851,5167508
6124851,5174882
6124851,5177476
6124851,5187609
6124851,5216416
6124851,5223115
6124851,5223823
6124851,5247290
6124851,5250932
6124851,5250938
6124851,5254981
6124851,5262098
6124851,5266937
6124851,5270843
6124851,5276438
6124851,5279694
6124851,5293528
6124851,5302235
6124851,5304439
6124851,5315312
6124851,5316341
6124851,5344594
6124851,5345251
6124851,5359346
6124851,5377258
6124851,5383008
6124851,5389945
6124851,5398131
6124851,5402145
6124851,5407231
6124851,5412398
6124851,5460688
6124851,5467107
6124851,5484292
6124851,5485176
6124851,5499038
6124851,5508068
6124851,5508720
6124851,5512162
6124851,5534888
6124851,5538430
6124851,5561443
6124851,5565885
6124851,5573711
6124851,5627561
6124851,5643673
6124851,5707738
6124851,5708525
6124851,5717514
6124851,5717515
6124851,5737115
6141060,3351347
6141060,3580993
6141060,3840699
6141060,3944738
6141060,3973239
6141060,4064528
6141060,4067015
6141060,4084184
6141060,4179704
6141060,4319266
6141060,4386363
6141060,4420770
6141060,4490741
6141060,4521196
6141060,4541013
6141060,4591897
6141060,4612666
6141060,4647969
6141060,4674125
6141060,4700306
6141060,4739406
6141060,4811084
6141060,4817171
6141060,4897726
6141060,4924507
6141060,4950050
6141060,4957297
6141060,4970666
6141060,4975770
6141060,4995090
6141060,4999709
6141060,5060282
6141060,5063603
6141060,5142590
6141060,5150895
6141060,5179421
6141060,5184820
6141060,5207720
6141060,5241616
6141060,5245432
6141060,5249039
6141060,5264933
6141060,5268734
6141060,5274716
6141060,5305107
6141060,5313304
6141060,5340108
6141060,5346210
6141060,5353392
6141060,5388825
6141060,5392088
6141060,5398075
6141060,5413345
6141060,5419562
6141060,5419565
6141060,5436672
6141060,5459793
6141060,5465144
6141060,5465308
6141060,5469512
6141060,5469536
6141060,5479597
6141060,5488675
6141060,5491517
6141060,5508737
6141060,5513854
6141060,5524065
6141060,5543856
6141060,5564698
6141060,5566251
6141060,5592236
6141060,5610653
6141060,5627915
6141060,5668629
6141060,5808695
6141060,5912700
6141060,5917553
6153410,4683202
6153410,4800159
6153410,4965188
6153410,4994368
6153410,4994379
6153410,5023171
6153410,5043272
6153410,5093257
6153410,5176995
6153410,5187083
6153410,5223408
6153410,5234824
6153410,5279952
6153410,5316935
6153410,5356801
6153410,5360728
6153410,5418149
6153410,5422266
6153410,5489523
6153410,5502167
6153410,5512463
6153410,5514568
6153410,5521077
6153410,5541309
6153410,5556750
6153410,5556772
6153410,5605793
6153410,5629179
6153410,5652116
6153410,5679522
6153410,5714316
6153410,5723323
6153410,5756316
6153410,5763192
6153410,5773267
6153410,5783431
6153410,5795747
6153410,5811238
6153410,5814476
6153410,5817483
6153410,5824469
6153410,5824485
6153410,5824514
6153410,5830721
6153410,5834252
6153410,5837458
6153410,5851813
6153410,5858725
6153410,5928905
6153410,5939250
6153410,5958672
6153410,5965408
6153410,5965415
6153410,5976862
6199042,4698625
6199042,5538430
6199042,5617507
6199042,5623679
6199042,5663748
6199042,5875428
6221534,2583589
6221534,3489611
6221534,3567515
6221534,3825445
6221534,4132837
6221534,4143214
6221534,4224389
6221534,4264689
6221534,4273839
6221534,4310609
6221534,4444855
6221534,4482616
6221534,4489144
6221534,4520084
6221534,4536456
6221534,4604330
6221534,4612265
6221534,4622276
6221534,4654278
6221534,4663249
6221534,4670358
6221534,4786567
6221534,4814241
6221534,4830940
6221534,4894302
6221534,4906538
6221534,4929748
6221534,5112704
6221534,5219675
6221534,5221453
6221534,5346787
6221534,5350648
6221534,5393621
6221534,5455127
6221534,5470674
6221534,5478674
6221534,5498495
6221534,5506078
6221534,5523481
6221534,5580684
6221534,5658688
6221534,5670276
6221534,5753389
6230409,1229365
6230409,1964816
6230409,2007148
6230409,2655710
6230409,3245185
6230409,3435580
6230409,3611533
6230409,3760540
6230409,3885008
6230409,4304704
6230409,4453359
6230409,4494352
6230409,4554124
6230409,4614013
6230409,4619032
6230409,4702058
6230409,5055252
6230409,5248549
6230409,5268137
6230409,5308572
6230409,5507427
6230409,5524412
6230409,5526629
6230409,5624615
6276705,3623748
6276705,3899189
6276705,4366964
6276705,4593929
6276705,4687218
6276705,5160156
6276705,5306035
6276705,5791672
6276705,5927739
6285999,4953106
6285999,5450535
6285999,5748954
6285999,5752241
6285999,5832494
6285999,5848407
6285999,6014678
6331415,4179337
6331415,4237224
6331415,4338397
6331415,4342832
6331415,4403036
6331415,4444878
6331415,4510244
6331415,4512922
6331415,4518584
6331415,4642334
6331415,4704362
6331415,4816397
6331415,4816567
6331415,5225539
6331415,5545403
6331415,5545404
6331415,5545405
6387981,2984628
6387981,3018262
6387981,3066112
6387981,3117099
6387981,3442817
6387981,3514252
6387981,3539533
6387981,3629187
6387981,3708296
6387981,3709706
6387981,3709866
6387981,3729313
6387981,3741769
6387981,3751399
6387981,3766132
6387981,3808006
6387981,3860556
6387981,4002669
6387981,4069055
6387981,4071424
6387981,4115346
6387981,4216288
6387981,4250053
6387981,4250311
6387981,4259117
6387981,4292029
6387981,4308190
6387981,4327014
6387981,4379695
6387981,4387240
6387981,4389497
6387981,4394403
6387981,4404150
6387981,4427799
6387981,4503169
6387981,4544359
6387981,4545924
6387981,4612138
6387981,4617327
6387981,4619817
6387981,4642126
6387981,4649165
6387981,4652274
6387981,4661540
6387981,4696955
6387981,4719091
6387981,4737593
6387981,4746685
6387981,4769351
6387981,4772511
6387981,4772530
6387981,4778671
6387981,4784794
6387981,4868288
6387981,4874450
6387981,4886624
6387981,4923905
6387981,4927560
6387981,4931414
6387981,4946665
6387981,4954414
6387981,4985229
6387981,4985340
6387981,5037597
6387981,5055372
6387981,5057393
6387981,5073476
6387981,5084586
6387981,5089536
6387981,5124417
6387981,5190583
6387981,5234870
6387981,5275759
6387981,5332429
6387981,5460701
6387981,5470910
6387981,5545676
6387981,5558849
6387981,5593781
6387981,5609675
6387981,5643497
6387981,5648407
6387981,5658376
6387981,5698483
6387981,5760126
6387981,5776239
6387981,5830242
6387981,5856373
6387981,5879715
6387981,5886069
6387981,5935275
6387981,5936006
6387981,5942559
6387981,6025406
6387981,6136886
6455275,3800035
6455275,4195125
6455275,4237224
6455275,4264731
6455275,4342832
6455275,4356270
6455275,4363877
6455275,4366246
6455275,4399216
6455275,4411994
6455275,4634665
6455275,5179017
6572693,2984628
6572693,3018262
6572693,3066112
6572693,3117099
6572693,3422817
6572693,3514252
6572693,3539533
6572693,3629187
6572693,3708296
6572693,3709706
6572693,3709866
6572693,3729313
6572693,3741769
6572693,3751399
6572693,3766132
6572693,3808006
6572693,3860556
6572693,4002669
6572693,4069055
6572693,4071424
6572693,4115346
6572693,4216288
6572693,4250053
6572693,4250311
6572693,4259117
6572693,4292029
6572693,4308190
6572693,4327014
6572693,4379695
6572693,4387240
6572693,4389497
6572693,4394403
6572693,4404150
6572693,4427799
6572693,4503169
6572693,4544359
6572693,4545924
6572693,4612138
6572693,4617327
6572693,4619817
6572693,4642126
6572693,4649165
6572693,4652274
6572693,4661540
6572693,4696955
6572693,4719091
6572693,4737593
6572693,4746685
6572693,4769351
6572693,4772511
6572693,4772530
6572693,4778671
6572693,4784794
6572693,4868288
6572693,4874450
6572693,4886624
6572693,4923905
6572693,4927560
6572693,4931414
6572693,4946665
6572693,4954414
6572693,4985229
6572693,4985340
6572693,5037579
6572693,5055372
6572693,5057393
6572693,5073476
6572693,5084586
6572693,5089536
6572693,5124417
6572693,5190583
6572693,5234870
6572693,5275759
6572693,5332429
6572693,5460701
6572693,5470910
6572693,5545676
6572693,5558849
6572693,5593781
6572693,5609675
6572693,5643497
6572693,5648407
6572693,5659376
6572693,5698483
6572693,5760126
6572693,5776239
6572693,5830242
6572693,5856373
6572693,5879715
6572693,5886069
6572693,5935275
6572693,5936006
6572693,5942559
6572693,6025406
6572693,6063830
6572693,6136886
6572693,6306926
6574628,4827508
6574628,4977594
6574628,5047948
6574628,5050213
6574628,5241671
6574628,5260999
6574628,5390281
6574628,5410598
6574628,5423043
6574628,5499364
6574628,5546594
6574628,5603031
6574628,5655081
6574628,5692047
6574628,5710918
6574628,5745754
6574628,5754857
6574628,6157941
6590928,4466060
6590928,5274666
6590928,5287384
6590928,5412654
6590928,5414731
6590928,5515509
6590928,5574979
6590928,5729680
6590928,5896375
6590928,5940431
6664298,3986953
6664298,4425261
6664298,4565635
6664298,4983217
6664298,5266213
6664298,5278106
6664298,5587157
6664298,5615974
6664298,5641425
6664298,5733067
6664298,5746937
6664298,5789649
6664298,5833388
6664298,5857810
6664298,5868939
6664298,5975798
6664298,5990365
6664298,6013232
6664298,6039882
6664298,6102621
6664298,6121371
6664298,6190092
6664298,6207114
6664298,6217779
6664298,6261029
6664298,6264399
6664298,6265205
6664298,6280533
6664298,6357968
6664298,6398960
6664298,6423531
6664298,2002/0151602
6671821,4569015
6671821,5261085
6671821,5269016
6671821,5469507
6671821,5598529
6671821,5625692
6671821,5682470
6671821,5991414
6671821,6178522
6671821,6192472
6671821,6351811
6671821,6487678
6671821,6567927
6730156,2984628
6730156,3018262
6730156,3066112
6730156,3117099
6730156,3442817
6730156,3514252
6730156,3539533
6730156,3629187
6730156,3708296
6730156,3709706
6730156,3709866
6730156,3729313
6730156,3741769
6730156,3751399
6730156,3766132
6730156,3808006
6730156,3860556
6730156,4002669
6730156,4069055
6730156,4071424
6730156,4115346
6730156,4216288
6730156,4250053
6730156,4250311
6730156,4259117
6730156,4292029
6730156,4308190
6730156,4327014
6730156,4379695
6730156,4387240
6730156,4389497
6730156,4394403
6730156,4404150
6730156,4427799
6730156,4503169
6730156,4544359
6730156,4545924
6730156,4612138
6730156,4617327
6730156,4619817
6730156,4642126
6730156,4649165
6730156,4652274
6730156,4661540
6730156,4696955
6730156,4719091
6730156,4737593
6730156,4746685
6730156,4769351
6730156,4772511
6730156,4772530
6730156,4778671
6730156,4784794
6730156,4868288
6730156,4874450
6730156,4886624
6730156,4923905
6730156,4927560
6730156,4931414
6730156,4946665
6730156,4954414
6730156,4985229
6730156,4985340
6730156,5037579
6730156,5055372
6730156,5057393
6730156,5073476
6730156,5084586
6730156,5089536
6730156,5124417
6730156,5190583
6730156,5234870
6730156,5275759
6730156,5332429
6730156,5460701
6730156,5470910
6730156,5545676
6730156,5558849
6730156,5593781
6730156,5609675
6730156,5643497
6730156,5648407
6730156,5658376
6730156,5698483
6730156,5760126
6730156,5776239
6730156,5830242
6730156,5856373
6730156,5879715
6730156,5886069
6730156,5935275
6730156,5936006
6730156,5942559
6730156,5998495
6730156,6025406
6730156,6136886
6770074,350420
6770074,1137585
6770074,2065659
6770074,2181746
6770074,2243718
6770074,2372622
6770074,2514665
6770074,2537070
6770074,2543780
6770074,2677369
6770074,2774350
6770074,2789558
6770074,2832343
6770074,2842131
6770074,2878809
6770074,3128768
6770074,3298372
6770074,3426364
6770074,3486505
6770074,3604487
6770074,3605123
6770074,3618611
6770074,3709219
6770074,3719186
6770074,3720959
6770074,3750652
6770074,3848601
6770074,3855638
6770074,3867728
6770074,3867932
6770074,3867950
6770074,3875595
6770074,3888260
6770074,3892232
6770074,3905047
6770074,3915151
6770074,3916907
6770074,3918440
6770074,3942535
6770074,3948262
6770074,3952334
6770074,3987499
6770074,4016651
6770074,4027392
6770074,D245259
6770074,4051905
6770074,4059115
6770074,4070514
6770074,4082097
6770074,4086701
6770074,4124026
6770074,4142517
6770074,4168326
6770074,4175555
6770074,4177524
6770074,4181457
6770074,4197850
6770074,4206516
6770074,4222128
6770074,D257511
6770074,4232679
6770074,4237948
6770074,4258716
6770074,4259072
6770074,4262369
6770074,4271832
6770074,D260525
6770074,4289123
6770074,4293962
6770074,4309777
6770074,4328593
6770074,4333469
6770074,4341206
6770074,4349921
6770074,4356572
6770074,4386603
6770074,4401112
6770074,4405319
6770074,4414979
6770074,4423721
6770074,4439152
6770074,4450834
6770074,4484570
6770074,4492226
6770074,4497320
6770074,4501269
6770074,4507115
6770074,RE31865
6770074,4530360
6770074,4535374
6770074,4535485
6770074,4542539
6770074,4545374
6770074,4547390
6770074,4549547
6770074,4552200
6770074,4553273
6770074,4554914
6770074,D281814
6770074,4570623
6770074,4570624
6770074,4592346
6770074,4599086
6770074,4600000
6770074,4602638
6770074,4604995
6770074,4608052
6770074,4611581
6770074,4619264
6770074,4628921
6770074,4634720
6770074,4636217
6770074,4636526
6770074,4645503
6770074,4653486
6770074,4653509
6770074,4655777
6770074,4661536
6770074,4664567
6770074,4665920
6770074,4677883
6770074,4677972
6770074,4693721
6770074,4696290
6770074,4698375
6770074,4710075
6770074,4713004
6770074,4714469
6770074,4721103
6770074,4736738
6770074,4743256
6770074,4743260
6770074,4759766
6770074,4759769
6770074,4769881
6770074,4781591
6770074,4790303
6770074,4805602
6770074,4820305
6770074,4830000
6770074,4834757
6770074,4848327
6770074,4851008
6770074,4863476
6770074,4863477
6770074,4865603
6770074,4877020
6770074,4878915
6770074,4903882
6770074,4904260
6770074,4904261
6770074,4911718
6770074,4913144
6770074,4936848
6770074,4943291
6770074,4955885
6770074,4955908
6770074,4957495
6770074,4960420
6770074,4961740
6770074,4968316
6770074,4969888
6770074,4987904
6770074,5015247
6770074,5015255
6770074,5026373
6770074,5030236
6770074,5055104
6770074,5059193
6770074,5062845
6770074,5071437
6770074,5084050
6770074,5102414
6770074,5105819
6770074,5108422
6770074,5112336
6770074,5116304
6770074,5122130
6770074,5123926
6770074,5171278
6770074,5192327
6770074,5246458
6770074,5258031
6770074,5263953
6770074,5292252
6770074,5306309
6770074,5314427
6770074,5324295
6770074,5352229
6770074,5360430
6770074,5364399
6770074,5370662
6770074,5370697
6770074,5393036
6770074,RE34871
6770074,5396880
6770074,5397364
6770074,5425772
6770074,5435723
6770074,5489307
6770074,5489308
6770074,5505732
6770074,5571109
6787308,5302509
6787308,5314829
6787308,5634413
6787308,5643768
6787308,5658754
6787308,5780231
7166791,5559945
7166791,5583993
7166791,5587404
7166791,5616876
7166791,5640566
7166791,5666530
7166791,5710922
7166791,5721949
7166791,5727202
7166791,5739451
7166791,5835721
7166791,5835732
7166791,5845282
7166791,5864868
7166791,5918213
7166791,5918303
7166791,5923757
7166791,5925843
7166791,5963916
7166791,5969283
7166791,6000000
7166791,6006274
7166791,6038199
7166791,6041023
7166791,6125369
7166791,6172948
7166791,6208044
7166791,6216131
7166791,6243328
7166791,6243725
7166791,6247135
7166791,6248946
7166791,6272545
7166791,6295541
7166791,6332175
7166791,6341316
7166791,6356971
7166791,6380947
7166791,6389467
7166791,6453281
7166791,6490432
7166791,6493758
7166791,6523124
7166791,6529804
7166791,6563769
7166791,6587403
7166791,6621768
7166791,6636873
7166791,6664981
7166791,6665803
7166791,6718348
7166791,6721489
7166791,6731312
7166791,6760721
7166791,6763345
7166791,6779019
7166791,6785542
7166791,6794566
7166791,6801964
7166791,6874037
7166791,6928433
7166791,6978127
7197462,5953392
7197462,6115686
7197462,6366650
7197462,6606611
7273280,7227611
7297486,4924091
7297486,5730940
7339900,5309437
7339900,5606669
7339900,5761435
7339900,6061362
7339900,6081512
7339900,6081522
7339900,6094435
7339900,6119196
7339900,6219739
7339900,6246680
7339900,6262977
7339900,6298456
7339900,6330229
7339900,6388995
7339900,6535490
7339900,6611502
7339900,6628624
7339900,6697339
7339900,6771610
7339900,6816467
7339900,6937576
7339900,6992988
7360422,4951510
7360422,5092173
7360422,5477249
7360422,5521140
7360422,5539236
7360422,5565113
7360422,5713673
7360422,5781210
7360422,5847732
7360422,5877789
7360422,5889208
7360422,5898446
7360422,5903291
7360422,6221653
7360422,6228659
7360422,6255119
7360422,6263735
7360422,6364459
7360422,6389899
7360422,6447723
7360422,6595054
7365844,4321251
7365844,4930516
7365844,5507287
7365844,6870616
7450806,5191206
7450806,5802236
7450806,6614974
7450806,6671442
7450806,6687445
7450806,6766088
7450806,6773825
7450806,6795635
7450806,6904215
7450806,7039284
7450806,7054513
7450806,7072552
7450806,7142758
7450806,7174078
7465871,4588520
7465871,5246504
7465871,5318743
7465871,5531936
7465871,5614128
7465871,5618471
7465871,5723799
7465871,5763293
7465871,5883563
7465871,5897945
7465871,5929351
7465871,5965841
7465871,5973050
7465871,6013204
7465871,6060656
7465871,6069312
7465871,6147293
7465871,6207886
7465871,6222242
7465871,6225548
7465871,6235981
7465871,6274802
7465871,6297441
7465871,6312617
7465871,6313392
7465871,6403875
7465871,6440768
7465871,6444896
7465871,6525260
7465871,6596226
7465871,6605772
7465871,6617504
7465871,6653548
7465871,6670539
7465871,6673996
7465871,6743973
7465871,6840844
7465871,6858154
7465871,7002071
7465871,7067733
7535012,5866911
7535012,6388788
7535012,6537829
7535012,7064824
7599359,6359976
7599359,6633555
7599359,6665271
7599359,7113515
7599359,7143159
7599359,7454494
7599359,7457732
7776613,6008373
7776613,7535012
7776613,7626694
7776613,7626695
7776613,7626703
7807619,6077954
7807619,6329523
7903917,4114980
7903917,4385802
7903917,4852968
7903917,5106402
7903917,5175785
7903917,5235660
7903917,5491581
7903917,5586205
7903917,5673354
7903917,6181858
7903917,6185353
7903917,6280850
7903917,6317551
7903917,6396987
7903917,6415089
7903917,6424776
7903917,6477305
7903917,6490396
7903917,6510268
7903917,6530244
7903917,6535676
7903917,6658190
7903917,6754425
7903917,6856744
7903917,6885802
7903917,6901196
7903917,6904772
7903917,6928211
7903917,7008696
7903917,7164835
7903917,7171090
7903917,7187833
7903917,7272289
7903917,7283714
7903917,7450807
7903917,7620282
7903917,7676129
8064835,5268695
8064835,5729558
8064835,6035007
8064835,6081700
8064835,6351499
8064835,6470047
8064835,6477208
8064835,6477213
8064835,6484285
8064835,6642904
8064835,6807404
8064835,6967598
8064835,7035343
8064835,7058422
8064835,7076263
8064835,7194237
8064835,7224743
8064835,7298798
8064835,7321636
8064835,7400872
8064835,7450657
8064835,7564931
8064835,7623836
8264458,1391529
8264458,3100547
8264458,3100860
8264458,3784746
8264458,3814199
8264458,4078627
8264458,4387325
8264458,4634941
8264458,4689449
8264458,4840634
8264458,4842607
8264458,4849583
8264458,5033000
8264458,5107080
8264458,5123495
8264458,5202773
8264458,5228356
8264458,5231998
8264458,5274311
8264458,5278557
8264458,5341680
8264458,5555495
8264458,5555949
8264458,5607158
8264458,5648708
8264458,5662693
8264458,5675359
8264458,5726541
8264458,5732786
8264458,5889507
8264458,5912659
8264458,5961561
8264458,6201196
8264458,6202773
8264458,6222524
8264458,6225977
8264458,6227066
8264458,6693625
8385701,4641917
8385701,4852968
8385701,5056888
8385701,5721800
8385701,6009221
8385701,6175680
8385701,6363196
8385701,6625362
8385701,6792188
8385701,6842566
8385701,6901196
8385701,6904218
8385701,6999667
8385701,7043125
8385701,7164835
8385701,7203397
8385701,7239784
8385701,7366387
8385701,7403689
8385701,7440663
8385701,7505657
8385701,7526168
8385701,7526169
8385701,7529453
8555353,5347628
8555353,6195698
8555353,6278455
8555353,6295387
8555353,6956966
8555353,7149801
8555353,7624277
8555353,7841940
8555353,7891005
8555353,7908223
8555353,8019127
8555353,8073912
8555353,8090219
8555353,8196198
8555353,8332937
8555353,8392986
8649899,3689106
8649899,3938608
8649899,4274503
8649899,4375354
8649899,4530056
8649899,4554724
8649899,4562635
8649899,4630216
8649899,4653002
8649899,4657104
8649899,4773810
8649899,4779203
8649899,4993507
8649899,5111401
8649899,5179329
8649899,5199524
8649899,5280431
8649899,5283739
8649899,5305217
8649899,5341130
8649899,5488277
8649899,5568030
8649899,5623413
8649899,5625559
8649899,5819008
8649899,5904727
8649899,5928294
8649899,6138064
8649899,6269291
8649899,6285951
8649899,6341271
8649899,6567743
8649899,6577601
8649899,6594535
8649899,6600418
8649899,6647316
8649899,6652213
8649899,6669089
8649899,6672601
8649899,6748292
8649899,6834229
8649899,6895301
8649899,6950722
8649899,7123988
9879269,2225783
9879269,3024116
9879269,3403032
9879269,3897307
9879269,3932674
9879269,4140800
9879269,4423079
9879269,4621058
9879269,4683195
9879269,4683202
9879269,5538864
9951342,2225783
9951342,3024116
9951342,3403032
9951342,3897307
9951342,3932674
9951342,4140800
9951342,4423079
9951342,4621058
9951342,5593885
RE30352,3006899
RE30352,3063966
RE30352,3079219
RE30352,3094511
RE30352,3109836
RE30352,3121766
RE30352,3150435
RE30352,3154610
RE30352,3154613
RE30352,3203933
RE30352,3225011
RE30352,3227793
RE30352,3232910
RE30352,3240758
RE30352,3240760
RE30352,3269970
RE30352,3322824
RE30352,3349062
RE30352,3354125
RE30352,3414645
RE30352,3472819
RE30352,3673143
RE30352,3817941
